[
  {
    "Name": "Cloud Flare",
    "IN1": 1,
    "IN2": 1,
    "IN3": 1,
    "IN4": 1,

    "SEC1": 1,
    "SEC2": 0,
    "SEC3": 0,
    "SEC4": 1
  },
  {
    "Name": "Google DNS",
    "IN1": 8,
    "IN2": 8,
    "IN3": 8,
    "IN4": 8,

    "SEC1": 8,
    "SEC2": 8,
    "SEC3": 4,
    "SEC4": 4
  },
  {
    "Name": "Electro (Iran)",
    "IN1": 78,
    "IN2": 157,
    "IN3": 42,
    "IN4": 100,

    "SEC1": 78,
    "SEC2": 157,
    "SEC3": 42,
    "SEC4": 101
  },
  {
    "Name": "Radar Bazi (Iran)",
    "IN1": 10,
    "IN2": 202,
    "IN3": 10,
    "IN4": 10,

    "SEC1": 10,
    "SEC2": 202,
    "SEC3": 10,
    "SEC4": 11
  },
  {
    "Name": "Shecan (Iran)",
    "IN1": 178,
    "IN2": 22,
    "IN3": 122,
    "IN4": 100,

    "SEC1": 185,
    "SEC2": 51,
    "SEC3": 200,
    "SEC4": 2
  },
  {
    "Name": "Open DNS",
    "IN1": 208,
    "IN2": 67,
    "IN3": 222,
    "IN4": 222,

    "SEC1": 208,
    "SEC2": 67,
    "SEC3": 220,
    "SEC4": 220
  },
  {
    "Name": "Cleanbrowsing",
    "IN1": 185,
    "IN2": 228,
    "IN3": 168,
    "IN4": 9,

    "SEC1": 185,
    "SEC2": 228,
    "SEC3": 169,
    "SEC4": 9
  },
  {
    "Name": "Quad9",
    "IN1": 9,
    "IN2": 9,
    "IN3": 9,
    "IN4": 9,

    "SEC1": 149,
    "SEC2": 112,
    "SEC3": 112,
    "SEC4": 112
  },
  {
    "Name": "Comodo Secure DNS",
    "IN1": 8,
    "IN2": 26,
    "IN3": 56,
    "IN4": 26,

    "SEC1": 8,
    "SEC2": 20,
    "SEC3": 247,
    "SEC4": 20
  },
  {
    "Name": "NordVPN DNS",
    "IN1": 103,
    "IN2": 86,
    "IN3": 96,
    "IN4": 100,

    "SEC1": 103,
    "SEC2": 86,
    "SEC3": 99,
    "SEC4": 100
  },
  {
    "Name": "NextDNS",
    "IN1": 45,
    "IN2": 90,
    "IN3": 28,
    "IN4": 190,

    "SEC1": 45,
    "SEC2": 90,
    "SEC3": 30,
    "SEC4": 190
  }

]
